Product Name,Product Price,Product Rating,Offers
Otoroys LED Fog Light for Universal For Bike,16.2375,4.1,50% off
"FABTEC LED Headlight for Universal For Car, Universal F...",5.6125,3.9,65% off
AutoPowerz LED Headlight for Universal For Bike Univers...,4.6625,3.9,62% off
"Atoray LED Fog Light for Universal For Bike, Universal ...",9.9875,3.4,60% off
"CARZEX LED Fog Lamp Unit for Universal For Car, Datsun,...",9.3625,4,70% off
FKOK LED Headlight for Maruti Suzuki Universal For Car,6.2375,3.8,50% off
"AutoPowerz LED Headlight for Universal For Bike, Univer...",44.375,4.2,49% off
AutoPowerz LED Fog Light for Universal For Bike,14.3125,3.9,54% off
"AutoPowerz LED Headlight for Universal For Bike, Univer...",18.625,3.8,50% off
AutoPowerz LED Headlight for Universal For Bike,12.375,4.4,50% off
N/A,9.3625,4,70% off
Otoroys LED Fog Light for Universal For Bike,16.2375,4.1,50% off
"AutoPowerz LED Fog Light for Universal For Bike, Univer...",39.0875,4,55% off
"AutoPowerz LED Fog Light for Royal Enfield, KTM, Bajaj,...",14.275,3.9,48% off
"AutoPowerz LED Fog Light for Universal For Bike, Univer...",31.2375,3.9,95% off
FKOK LED Headlight for Maruti Suzuki WagonR,6.2375,3.3,50% off
Apsmotiv Halogen Fog Light for Universal For Car,10.075,3.7,49% off
"AutoPowerz LED Fog Light for Universal For Bike, Univer...",34.375,4.3,65% off
"AutoPowerz LED Fog Light for Universal For Bike, Univer...",41.0875,4.4,58% off
"ALLEXTREME LED Headlight for Land Rover, Mahindra, Rang...",11.25,4.4,39% off
N/A,9.3625,4,70% off
Otoroys LED Fog Light for Universal For Bike,16.2375,4.1,50% off
QUIRKY ZONE LED Fog Light for Yamaha Universal For Bike...,3.2375,3.8,74% off
Apsmotiv Halogen Headlight for Mahindra Bolero,28.4875,3.2,36% off
Autofasters LED Fog Light for Mahindra Bolero,18.725,4.1,42% off
FKOK LED Headlight for Maruti Suzuki WagonR,6.2375,3.8,50% off
Apsmotiv Halogen Fog Light for Universal For Car,10.075,3.5,49% off
"QUIRKY ZONE LED Headlight for Hero, Honda, Yamaha, TVS,...",3.4,3.5,75% off
CarMods LED Headlight for Universal For Bike Universal ...,13.625,3.2,31% off
"BRPEARl LED Headlight for Royal Enfield, Mahindra Thar,...",15.275,3.7,82% off
LOVMOTO LED Fog Light for Hero Splendor,5.7375,3,23% off
N/A,9.3625,4,70% off
Otoroys LED Fog Light for Universal For Bike,16.2375,4.1,50% off
AUTO PEARL Halogen Headlight for Hyundai Santro Xing,6.7375,1.3,40% off
"AUTO PEARL LED Tail-light for Universal For Car, Suzuki...",5.5,3.6,55% off
"LOVMOTO LED Headlight for Bajaj, Hero, Honda, KTM, Yama...",4.9875,3.4,60% off
FKOK LED Headlight for Maruti Suzuki WagonR,6.2375,3.2,50% off
"BhanujT LED Headlight for Mahindra, Royal Enfield Thar,...",9.9875,3.6,87% off
FKOK LED Fog Light for Mahindra Universal For Car,6.2375,4.4,50% off
APICAL LED Headlight for Hyundai Xcent,5.925,3.3,75% off
meenu arts LED Fog Light for Universal For Bike,29.3625,3.5,21% off
N/A,9.3625,4,70% off
Otoroys LED Fog Light for Universal For Bike,16.2375,4.1,50% off
"AutoTech LED Headlight for Royal Enfield, Mahindra, Har...",31.2375,4.6,50% off
"Motopex LED Headlight for Royal Enfield, Mahindra Bulle...",18.5875,3.6,66% off
"Kanak LED Fog Light for Hero, Bajaj, Honda, Hyundai, KT...",3.5625,3.6,42% off
FKOK LED Headlight for Maruti Suzuki WagonR,6.2375,4.5,50% off
DRESSROSA LED Headlight for Hero Splendor pro classic,19.575,3.6,55% off
PECUNIA LED Headlight for Mahindra Scorpio,15.1375,2.9,21% off
"AutoPowerz LED Headlight for Universal For Bike, Univer...",11.875,4,52% off
AYW LED Headlight for Universal For Car,33.2375,3.4,59% off
N/A,3.5625,3.6,42% off
Otoroys LED Fog Light for Universal For Bike,16.2375,4.1,50% off
"Bell 10 LED Headlight for Royal Enfield, Mahindra Bulle...",20.35,4.1,53% off
"smotorzbikerz LED Fog Light for Universal For Bike, Uni...",6.8,3.4,58% off
TRP Traders LED Headlight for Universal For Car,8.125,3.6,49% off
FKOK LED Headlight for Maruti Suzuki WagonR,6.2375,3.9,50% off
Apsmotiv Halogen Fog Light for Universal For Car,10.075,3.7,49% off
"Miwings LED Headlight for Universal For Car, Universal ...",23.7375,3,62% off
"RWT LED Fog Light for Royal Enfield, Universal For Bike...",12.4875,3.6,71% off
"Miwings LED Fog Light for Ford, Honda, Maruti Suzuki, V...",21.125,3.7,43% off
N/A,9.3625,4,70% off
Otoroys LED Fog Light for Universal For Bike,16.2375,4.1,50% off
XZRTZ LED Headlight for Hyundai Universal For Car,21.2,4.2,44% off
MATIES LED Headlight for Mahindra KUV 100,11.8625,3.6,62% off
"Auto Emporium Hub LED Headlight for Royal Enfield, Mahi...",11.2375,4,55% off
FKOK LED Headlight for Maruti Suzuki WagonR,6.2375,4.1,50% off
"AutoPowerz LED Fog Light for Royal Enfield, Mahindra Bu...",30.375,3.3,69% off
AutoPowerz LED Fog Light for Universal For Bike,4.725,3.5,62% off
RKPSP HID Headlight for Universal For Car,34.9875,3.8,30% off
N/A,9.3625,4,70% off
Otoroys LED Fog Light for Universal For Bike,16.2375,4.1,50% off
smotorzbikerz LED Headlight for Universal For Car Unive...,2.4375,3.8,67% off
SAMTEK LED Fog Light for Universal For Bike Universal F...,6.8125,3.5,50% off
"AUTOGARH LED Fog Light for Bajaj, Maruti Suzuki, Hero, ...",8.9875,3.6,52% off
FKOK LED Headlight for Maruti Suzuki WagonR,6.2375,4,50% off
Apsmotiv Halogen Fog Light for Universal For Car,10.075,2.7,49% off
AutoPowerz LED Daytime Running Light for Universal For ...,10.85,3,45% off
FKOK Halo Headlight for Ford Universal For Car,9.3625,3,42% off
PECUNIA LED Headlight for Mahindra Bolero,6.65,5,49% off
N/A,9.3625,4,70% off
Otoroys LED Fog Light for Universal For Bike,16.2375,4.1,50% off
Samite LED Headlight for Universal For Bike,4.0625,4.3,59% off
MATIES LED Headlight for Mahindra Bolero,11.8625,3.6,62% off
AUTYLE LED Headlight for Ford Fiesta,3.1125,4,75% off
FKOK LED Headlight for Maruti Suzuki WagonR,6.2375,4.4,50% off
XZRTZ LED Headlight for Maruti Suzuki Ritz,21.2,4.3,44% off
N/A,9.3625,4,70% off
Otoroys LED Fog Light for Universal For Bike,16.2375,4.1,50% off
"Schsteindar LED Fog Light for Hero, Honda, Mahindra, TV...",5.6125,4.6,55% off
Samite LED Headlight for Universal For Bike,4.0625,4.3,59% off
FKOK LED Headlight for Nissan Universal For Car,6.2375,4.6,50% off
Apsmotiv Halogen Fog Light for Universal For Car,10.075,2.3,49% off
"BOOSTY LED Headlight for Hero, Yamaha, Royal Enfield, R...",5.3125,3.7,46% off
AUTYLE LED Headlight for Maruti Suzuki Omni,2.7875,3.4,55% off
N/A,9.3625,4,70% off
